run_id,instance_id,seed,repeat,arm,source_sha256,protocol_sha256,input_sha256,status,root_status,actual_root_source,factor_fallback,physical_ok,complete_ok,recovery_success,projected_collision_status,T_physical_return,T_complete_return,T_total,reference_certified_body_clearance,group,simulation_executed,success,rms_position_error,max_position_error,rms_attitude_error_rad,max_attitude_error_rad,min_realized_clearance,min_floor_clearance,max_velocity,max_acceleration,max_jerk,max_thrust,max_rotor_thrust,max_body_rate,actuator_saturation_updates,actuator_saturation_duration,contact_steps,contact_events,body_collision_samples,final_position_error,samples,simulation_duration,log,log_sha256,simulation_wall_seconds,not_run_reason
B_s0_r0_conic,heldout_41000,41000,0,conic,39c75ee513e4a6561ba26d5df93519b85af6c42334b4156a9f8301ebc5e3b0b2,fdd937a50ec8c4a28c62f2b1ec78ba15e46c7a39d0a01c699522bffc62cd1f36,f2e880057bf4438b7e0de15f1f8b4499697dddd6be00009792d6f370beba73dc,COMPLETE_SUCCESS,optimal,conic,False,True,True,False,NO_NEGATIVE_WITNESS_FOUND,347.24958299921127,485.17104200436734,485.17479200381786,1.5340775994998694,easy,True,True,0.00862933878054435,0.023848690972619647,0.004333011758349294,0.01938661782975447,1.5426046426567839,1.27,1.9457866437243452,0.9894209991793159,1.0247487568711244,5.936315493757796,1.7937640720865402,0.39436277551542653,0,0.0,0,0,0,6.727437997650402e-05,10001,10.0,raw/B_s0_r0_conic.tracking.npz,c34e5f1360de9f2bc56c399272694821fe216db2641c0a30564083faed3442fe,0.5198594590037828,
B_s0_r0_factor,heldout_41000,41000,0,factor,39c75ee513e4a6561ba26d5df93519b85af6c42334b4156a9f8301ebc5e3b0b2,fdd937a50ec8c4a28c62f2b1ec78ba15e46c7a39d0a01c699522bffc62cd1f36,f2e880057bf4438b7e0de15f1f8b4499697dddd6be00009792d6f370beba73dc,COMPLETE_SUCCESS,optimal,conic,True,True,True,False,NO_NEGATIVE_WITNESS_FOUND,378.3772919996409,517.1368329974939,517.1394170029089,1.5340775994998694,easy,True,True,0.00862933878054435,0.023848690972619647,0.004333011758349294,0.01938661782975447,1.5426046426567839,1.27,1.9457866437243452,0.9894209991793159,1.0247487568711244,5.936315493757796,1.7937640720865402,0.39436277551542653,0,0.0,0,0,0,6.727437997650402e-05,10001,10.0,raw/B_s0_r0_factor.tracking.npz,c34e5f1360de9f2bc56c399272694821fe216db2641c0a30564083faed3442fe,0.5189411250030389,
B_s0_r1_factor,heldout_41000,41000,1,factor,39c75ee513e4a6561ba26d5df93519b85af6c42334b4156a9f8301ebc5e3b0b2,fdd937a50ec8c4a28c62f2b1ec78ba15e46c7a39d0a01c699522bffc62cd1f36,f2e880057bf4438b7e0de15f1f8b4499697dddd6be00009792d6f370beba73dc,COMPLETE_SUCCESS,stationary,factor,False,True,True,False,NO_NEGATIVE_WITNESS_FOUND,37.23925000667805,174.94550000265008,174.94829200586537,1.5340777373938181,easy,True,True,0.008629338830308484,0.023848691125675687,0.004333011758962593,0.019386617829445205,1.542604784574986,1.27,1.9457866289401626,0.9894209465523233,1.0247487359875855,5.936315489755497,1.7937640720836563,0.3943627753800452,0,0.0,0,0,0,6.7274392149487e-05,10001,10.0,raw/B_s0_r1_factor.tracking.npz,b100bc2e99228adecd2e89682248ee9fd4a6439b7cf3629b586867207232ceb5,0.5170113749991287,
B_s0_r1_conic,heldout_41000,41000,1,conic,39c75ee513e4a6561ba26d5df93519b85af6c42334b4156a9f8301ebc5e3b0b2,fdd937a50ec8c4a28c62f2b1ec78ba15e46c7a39d0a01c699522bffc62cd1f36,f2e880057bf4438b7e0de15f1f8b4499697dddd6be00009792d6f370beba73dc,COMPLETE_SUCCESS,optimal,conic,False,True,True,False,NO_NEGATIVE_WITNESS_FOUND,168.6471659995732,308.0392080009915,308.04437500046333,1.5340775994998694,easy,True,True,0.00862933878054435,0.023848690972619647,0.004333011758349294,0.01938661782975447,1.5426046426567839,1.27,1.9457866437243452,0.9894209991793159,1.0247487568711244,5.936315493757796,1.7937640720865402,0.39436277551542653,0,0.0,0,0,0,6.727437997650402e-05,10001,10.0,raw/B_s0_r1_conic.tracking.npz,c34e5f1360de9f2bc56c399272694821fe216db2641c0a30564083faed3442fe,0.5205538750014966,
B_s1_r0_factor,heldout_41001,41001,0,factor,39c75ee513e4a6561ba26d5df93519b85af6c42334b4156a9f8301ebc5e3b0b2,fdd937a50ec8c4a28c62f2b1ec78ba15e46c7a39d0a01c699522bffc62cd1f36,d424347e652faf57626d335c58b5a33d47d7f23d97c5fd6c2772f26ec91e866b,COMPLETE_SUCCESS,optimal,conic,True,True,True,False,NO_NEGATIVE_WITNESS_FOUND,357.8259580026497,495.1552500060643,495.1584160007769,1.5439205365617454,easy,True,True,0.008622581775207321,0.023820312123105255,0.004333101411778778,0.019386615928434648,1.547700506213501,1.2700014222190075,1.9400202525354422,0.9872305391727613,1.0158791262561022,5.9175245248145005,1.7937733797913407,0.3943619512848046,0,0.0,0,0,0,6.674276860193156e-05,10001,10.0,raw/B_s1_r0_factor.tracking.npz,26ae0159ca3d3fe60a575f1a13cd323e7f9819238cae9f735cad80bef7729d44,0.5179814580042148,
B_s1_r0_conic,heldout_41001,41001,0,conic,39c75ee513e4a6561ba26d5df93519b85af6c42334b4156a9f8301ebc5e3b0b2,fdd937a50ec8c4a28c62f2b1ec78ba15e46c7a39d0a01c699522bffc62cd1f36,d424347e652faf57626d335c58b5a33d47d7f23d97c5fd6c2772f26ec91e866b,COMPLETE_SUCCESS,optimal,conic,False,True,True,False,NO_NEGATIVE_WITNESS_FOUND,323.57904199307086,458.2910839963006,458.2933339988813,1.5439205365617454,easy,True,True,0.008622581775207321,0.023820312123105255,0.004333101411778778,0.019386615928434648,1.547700506213501,1.2700014222190075,1.9400202525354422,0.9872305391727613,1.0158791262561022,5.9175245248145005,1.7937733797913407,0.3943619512848046,0,0.0,0,0,0,6.674276860193156e-05,10001,10.0,raw/B_s1_r0_conic.tracking.npz,26ae0159ca3d3fe60a575f1a13cd323e7f9819238cae9f735cad80bef7729d44,0.5548168750028708,
B_s1_r1_conic,heldout_41001,41001,1,conic,39c75ee513e4a6561ba26d5df93519b85af6c42334b4156a9f8301ebc5e3b0b2,fdd937a50ec8c4a28c62f2b1ec78ba15e46c7a39d0a01c699522bffc62cd1f36,d424347e652faf57626d335c58b5a33d47d7f23d97c5fd6c2772f26ec91e866b,COMPLETE_SUCCESS,optimal,conic,False,True,True,False,NO_NEGATIVE_WITNESS_FOUND,151.61220800655428,286.66891700413544,286.67145800136495,1.5439205365617454,easy,True,True,0.008622581775207321,0.023820312123105255,0.004333101411778778,0.019386615928434648,1.547700506213501,1.2700014222190075,1.9400202525354422,0.9872305391727613,1.0158791262561022,5.9175245248145005,1.7937733797913407,0.3943619512848046,0,0.0,0,0,0,6.674276860193156e-05,10001,10.0,raw/B_s1_r1_conic.tracking.npz,26ae0159ca3d3fe60a575f1a13cd323e7f9819238cae9f735cad80bef7729d44,0.5201288329990348,
B_s1_r1_factor,heldout_41001,41001,1,factor,39c75ee513e4a6561ba26d5df93519b85af6c42334b4156a9f8301ebc5e3b0b2,fdd937a50ec8c4a28c62f2b1ec78ba15e46c7a39d0a01c699522bffc62cd1f36,d424347e652faf57626d335c58b5a33d47d7f23d97c5fd6c2772f26ec91e866b,COMPLETE_SUCCESS,stationary,factor,False,True,True,False,NO_NEGATIVE_WITNESS_FOUND,32.66174999589566,168.03591699863318,168.03979199903551,1.5439204753118247,easy,True,True,0.008622581759111236,0.023820312086096217,0.0043331014073740865,0.019386615929350984,1.5477004501118288,1.2700014222190519,1.9400203648146495,0.987230685792062,1.0158795423684541,5.917524533514661,1.793773379658735,0.394361951633386,0,0.0,0,0,0,6.674276254598203e-05,10001,10.0,raw/B_s1_r1_factor.tracking.npz,ff76773dff588ac5294c6419438b390bad8cfee6d09eeafcd33dd61c5841f310,0.5244495409933734,
B_s2_r0_conic,heldout_41002,41002,0,conic,39c75ee513e4a6561ba26d5df93519b85af6c42334b4156a9f8301ebc5e3b0b2,fdd937a50ec8c4a28c62f2b1ec78ba15e46c7a39d0a01c699522bffc62cd1f36,8145963a5012891565829d05df29078b022a23186ddc897055d9c10fe2379e85,COMPLETE_SUCCESS,optimal,conic,False,True,True,False,NO_NEGATIVE_WITNESS_FOUND,322.8741249986342,463.4783330038772,463.48095800203737,1.5431522157085056,easy,True,True,0.00861508474572519,0.023789697982233186,0.004333425022698126,0.019386622070551605,1.5438355163463735,1.27,1.9428915930654482,0.9896223373863368,1.012016363614363,5.936333224235128,1.7938078091366465,0.3943641910842372,0,0.0,0,0,0,6.68030114769031e-05,10001,10.0,raw/B_s2_r0_conic.tracking.npz,f4a4ed6e9837ff0aa9c69b100e50b1b16d297bee464eed152d7c4d45f17ef861,0.5256340000050841,
B_s2_r0_factor,heldout_41002,41002,0,factor,39c75ee513e4a6561ba26d5df93519b85af6c42334b4156a9f8301ebc5e3b0b2,fdd937a50ec8c4a28c62f2b1ec78ba15e46c7a39d0a01c699522bffc62cd1f36,8145963a5012891565829d05df29078b022a23186ddc897055d9c10fe2379e85,COMPLETE_SUCCESS,optimal,conic,True,True,True,False,NO_NEGATIVE_WITNESS_FOUND,359.94366699742386,499.92820899933577,499.9353749954025,1.5431522157085056,easy,True,True,0.00861508474572519,0.023789697982233186,0.004333425022698126,0.019386622070551605,1.5438355163463735,1.27,1.9428915930654482,0.9896223373863368,1.012016363614363,5.936333224235128,1.7938078091366465,0.3943641910842372,0,0.0,0,0,0,6.68030114769031e-05,10001,10.0,raw/B_s2_r0_factor.tracking.npz,f4a4ed6e9837ff0aa9c69b100e50b1b16d297bee464eed152d7c4d45f17ef861,0.5182128750020638,
B_s2_r1_factor,heldout_41002,41002,1,factor,39c75ee513e4a6561ba26d5df93519b85af6c42334b4156a9f8301ebc5e3b0b2,fdd937a50ec8c4a28c62f2b1ec78ba15e46c7a39d0a01c699522bffc62cd1f36,8145963a5012891565829d05df29078b022a23186ddc897055d9c10fe2379e85,COMPLETE_SUCCESS,stationary,factor,False,True,True,False,NO_NEGATIVE_WITNESS_FOUND,29.462709004292265,166.22774999996182,166.23091699875658,1.5431522031620262,easy,True,True,0.008615084711500383,0.023789697888990977,0.0043334250202615695,0.019386622071044135,1.5438355091142022,1.27,1.9428914641510289,0.9896222281186376,1.0120160723072693,5.936333215235782,1.7938078092118817,0.39436419127415967,0,0.0,0,0,0,6.680302101053964e-05,10001,10.0,raw/B_s2_r1_factor.tracking.npz,66ab5e301b12d4318ec4c0a39a9e02eca6be10beb0b0ce6053211d5f72efce26,0.5185461250002845,
B_s2_r1_conic,heldout_41002,41002,1,conic,39c75ee513e4a6561ba26d5df93519b85af6c42334b4156a9f8301ebc5e3b0b2,fdd937a50ec8c4a28c62f2b1ec78ba15e46c7a39d0a01c699522bffc62cd1f36,8145963a5012891565829d05df29078b022a23186ddc897055d9c10fe2379e85,COMPLETE_SUCCESS,optimal,conic,False,True,True,False,NO_NEGATIVE_WITNESS_FOUND,150.9513330020127,291.5933749973192,291.5960829996038,1.5431522157085056,easy,True,True,0.00861508474572519,0.023789697982233186,0.004333425022698126,0.019386622070551605,1.5438355163463735,1.27,1.9428915930654482,0.9896223373863368,1.012016363614363,5.936333224235128,1.7938078091366465,0.3943641910842372,0,0.0,0,0,0,6.68030114769031e-05,10001,10.0,raw/B_s2_r1_conic.tracking.npz,f4a4ed6e9837ff0aa9c69b100e50b1b16d297bee464eed152d7c4d45f17ef861,0.5294935409983736,
B_s3_r0_factor,heldout_41003,41003,0,factor,39c75ee513e4a6561ba26d5df93519b85af6c42334b4156a9f8301ebc5e3b0b2,fdd937a50ec8c4a28c62f2b1ec78ba15e46c7a39d0a01c699522bffc62cd1f36,9356c960e2bbc3fabf383b375d0ab8926ec5cc6893dcf0d4d9c7b67a12259542,COMPLETE_SUCCESS,optimal,conic,True,True,True,False,NO_NEGATIVE_WITNESS_FOUND,378.39399999938905,524.2503340050462,524.2538750026142,1.5340775994998694,easy,True,True,0.008629697559664263,0.02384940111507009,0.004333086452394351,0.01938661784856229,1.5426048106824788,1.2700014271756648,1.94577255537327,0.9894073051328031,1.0245376250632994,5.917618730360418,1.793751510941766,0.3943628173779873,0,0.0,0,0,0,6.712193049156478e-05,10001,10.0,raw/B_s3_r0_factor.tracking.npz,04820dda588ffd8a425aa39cb8924dac82bd889e4684bd03d6cdf242b41a124a,0.5161078329983866,
B_s3_r0_conic,heldout_41003,41003,0,conic,39c75ee513e4a6561ba26d5df93519b85af6c42334b4156a9f8301ebc5e3b0b2,fdd937a50ec8c4a28c62f2b1ec78ba15e46c7a39d0a01c699522bffc62cd1f36,9356c960e2bbc3fabf383b375d0ab8926ec5cc6893dcf0d4d9c7b67a12259542,COMPLETE_SUCCESS,optimal,conic,False,True,True,False,NO_NEGATIVE_WITNESS_FOUND,342.6330419970327,480.71562499535503,480.71866700047394,1.5340775994998694,easy,True,True,0.008629697559664263,0.02384940111507009,0.004333086452394351,0.01938661784856229,1.5426048106824788,1.2700014271756648,1.94577255537327,0.9894073051328031,1.0245376250632994,5.917618730360418,1.793751510941766,0.3943628173779873,0,0.0,0,0,0,6.712193049156478e-05,10001,10.0,raw/B_s3_r0_conic.tracking.npz,04820dda588ffd8a425aa39cb8924dac82bd889e4684bd03d6cdf242b41a124a,0.5228244999962044,
B_s3_r1_conic,heldout_41003,41003,1,conic,39c75ee513e4a6561ba26d5df93519b85af6c42334b4156a9f8301ebc5e3b0b2,fdd937a50ec8c4a28c62f2b1ec78ba15e46c7a39d0a01c699522bffc62cd1f36,9356c960e2bbc3fabf383b375d0ab8926ec5cc6893dcf0d4d9c7b67a12259542,COMPLETE_SUCCESS,optimal,conic,False,True,True,False,NO_NEGATIVE_WITNESS_FOUND,168.64583300048253,306.8717909991392,306.8747080033063,1.5340775994998694,easy,True,True,0.008629697559664263,0.02384940111507009,0.004333086452394351,0.01938661784856229,1.5426048106824788,1.2700014271756648,1.94577255537327,0.9894073051328031,1.0245376250632994,5.917618730360418,1.793751510941766,0.3943628173779873,0,0.0,0,0,0,6.712193049156478e-05,10001,10.0,raw/B_s3_r1_conic.tracking.npz,04820dda588ffd8a425aa39cb8924dac82bd889e4684bd03d6cdf242b41a124a,0.5220695000025444,
B_s3_r1_factor,heldout_41003,41003,1,factor,39c75ee513e4a6561ba26d5df93519b85af6c42334b4156a9f8301ebc5e3b0b2,fdd937a50ec8c4a28c62f2b1ec78ba15e46c7a39d0a01c699522bffc62cd1f36,9356c960e2bbc3fabf383b375d0ab8926ec5cc6893dcf0d4d9c7b67a12259542,COMPLETE_SUCCESS,stationary,factor,False,True,True,False,NO_NEGATIVE_WITNESS_FOUND,34.728625003481284,208.4627090007416,208.46608399733668,1.5340777373938181,easy,True,True,0.00862969760922074,0.023849401267346314,0.004333086453034579,0.019386617848184302,1.5426049526004029,1.270001427175862,1.9457725405870938,0.9894072525176406,1.024537603857183,5.9176187324310625,1.7937515109333602,0.3943628172425818,0,0.0,0,0,0,6.71219426143479e-05,10001,10.0,raw/B_s3_r1_factor.tracking.npz,30efdd72e431318eef748f7509d4ae357f76e801feac10a8abe336bb77c309bf,0.5191706249970593,
B_s4_r0_conic,heldout_41004,41004,0,conic,39c75ee513e4a6561ba26d5df93519b85af6c42334b4156a9f8301ebc5e3b0b2,fdd937a50ec8c4a28c62f2b1ec78ba15e46c7a39d0a01c699522bffc62cd1f36,d35b90ca5df1ff27e72820580cc6d1c8b557b66557a4a22fa3b6cca7a0257797,COMPLETE_SUCCESS,optimal,conic,False,True,True,False,NO_NEGATIVE_WITNESS_FOUND,324.1303329996299,459.7171669956879,459.7197499970207,1.5439205365617454,easy,True,True,0.00862207339111617,0.023819119013762026,0.0043330264658142745,0.019386615909695547,1.547700535313721,1.27,1.9400343252031942,0.9872170359861278,1.0161076983425608,5.936152270531121,1.7937859391911617,0.39436190954047584,0,0.0,0,0,0,6.689507650420972e-05,10001,10.0,raw/B_s4_r0_conic.tracking.npz,d53256a86abffd04f9da6158a4ec7d8958b6fb63e9f2bb76fbd4d221c60682c4,0.5344220000042696,
B_s4_r0_factor,heldout_41004,41004,0,factor,39c75ee513e4a6561ba26d5df93519b85af6c42334b4156a9f8301ebc5e3b0b2,fdd937a50ec8c4a28c62f2b1ec78ba15e46c7a39d0a01c699522bffc62cd1f36,d35b90ca5df1ff27e72820580cc6d1c8b557b66557a4a22fa3b6cca7a0257797,COMPLETE_SUCCESS,optimal,conic,True,True,True,False,NO_NEGATIVE_WITNESS_FOUND,333.7210829995456,503.58916699769907,503.59170800220454,1.5439205365617454,easy,True,True,0.00862207339111617,0.023819119013762026,0.0043330264658142745,0.019386615909695547,1.547700535313721,1.27,1.9400343252031942,0.9872170359861278,1.0161076983425608,5.936152270531121,1.7937859391911617,0.39436190954047584,0,0.0,0,0,0,6.689507650420972e-05,10001,10.0,raw/B_s4_r0_factor.tracking.npz,d53256a86abffd04f9da6158a4ec7d8958b6fb63e9f2bb76fbd4d221c60682c4,0.5279302499984624,
B_s4_r1_factor,heldout_41004,41004,1,factor,39c75ee513e4a6561ba26d5df93519b85af6c42334b4156a9f8301ebc5e3b0b2,fdd937a50ec8c4a28c62f2b1ec78ba15e46c7a39d0a01c699522bffc62cd1f36,d35b90ca5df1ff27e72820580cc6d1c8b557b66557a4a22fa3b6cca7a0257797,COMPLETE_SUCCESS,stationary,factor,False,True,True,False,NO_NEGATIVE_WITNESS_FOUND,33.96312500262866,167.97608300112188,167.97945800499292,1.5439204753118247,easy,True,True,0.008622073374503544,0.023819118976203205,0.004333026461778094,0.0193866159106577,1.5477004792122846,1.27,1.940034437493097,0.9872171825784443,1.0161081149400446,5.936152251302332,1.7937859390483468,0.39436190988899816,0,0.0,0,0,0,6.689507044187778e-05,10001,10.0,raw/B_s4_r1_factor.tracking.npz,93f19cb91f34acdd1568bcdd536e818409a790e75529dcb6d5ba469a48c88f47,0.5226903749935445,
B_s4_r1_conic,heldout_41004,41004,1,conic,39c75ee513e4a6561ba26d5df93519b85af6c42334b4156a9f8301ebc5e3b0b2,fdd937a50ec8c4a28c62f2b1ec78ba15e46c7a39d0a01c699522bffc62cd1f36,d35b90ca5df1ff27e72820580cc6d1c8b557b66557a4a22fa3b6cca7a0257797,COMPLETE_SUCCESS,optimal,conic,False,True,True,False,NO_NEGATIVE_WITNESS_FOUND,152.68104200367816,288.06887500104494,288.0717919979361,1.5439205365617454,easy,True,True,0.00862207339111617,0.023819119013762026,0.0043330264658142745,0.019386615909695547,1.547700535313721,1.27,1.9400343252031942,0.9872170359861278,1.0161076983425608,5.936152270531121,1.7937859391911617,0.39436190954047584,0,0.0,0,0,0,6.689507650420972e-05,10001,10.0,raw/B_s4_r1_conic.tracking.npz,d53256a86abffd04f9da6158a4ec7d8958b6fb63e9f2bb76fbd4d221c60682c4,0.5193214579994674,
B_s5_r0_factor,heldout_41005,41005,0,factor,39c75ee513e4a6561ba26d5df93519b85af6c42334b4156a9f8301ebc5e3b0b2,fdd937a50ec8c4a28c62f2b1ec78ba15e46c7a39d0a01c699522bffc62cd1f36,c8316b963006f25e0b5d983ac85da442589a0fb5b679af8ee3525a9e4826f318,COMPLETE_SUCCESS,optimal,conic,True,True,True,True,COLLISION_WITNESSED,585.3652079968015,724.5152909963508,724.5176659998833,0.16018146865892044,cluttered,True,True,0.008478513238010738,0.023983703307696124,0.0039062451369438,0.018100174926327657,0.14789505221757906,0.6493044422014199,1.819335346377798,0.8921042492606991,0.8607076503257004,6.143715560159597,1.7723304834475755,0.36838332574230587,0,0.0,0,0,0,5.555697181557265e-05,10501,10.5,raw/B_s5_r0_factor.tracking.npz,83c48caa248e8cd12354104e89abe7cf25097225ce465594f912e3cb9ea9bb4d,0.5546391669995501,
B_s5_r0_conic,heldout_41005,41005,0,conic,39c75ee513e4a6561ba26d5df93519b85af6c42334b4156a9f8301ebc5e3b0b2,fdd937a50ec8c4a28c62f2b1ec78ba15e46c7a39d0a01c699522bffc62cd1f36,c8316b963006f25e0b5d983ac85da442589a0fb5b679af8ee3525a9e4826f318,COMPLETE_SUCCESS,optimal,conic,False,True,True,True,COLLISION_WITNESSED,597.3409170037485,735.6412920053117,735.6440000003204,0.16018146865892044,cluttered,True,True,0.008478513238010738,0.023983703307696124,0.0039062451369438,0.018100174926327657,0.14789505221757906,0.6493044422014199,1.819335346377798,0.8921042492606991,0.8607076503257004,6.143715560159597,1.7723304834475755,0.36838332574230587,0,0.0,0,0,0,5.555697181557265e-05,10501,10.5,raw/B_s5_r0_conic.tracking.npz,83c48caa248e8cd12354104e89abe7cf25097225ce465594f912e3cb9ea9bb4d,0.5413049999988289,
B_s5_r1_conic,heldout_41005,41005,1,conic,39c75ee513e4a6561ba26d5df93519b85af6c42334b4156a9f8301ebc5e3b0b2,fdd937a50ec8c4a28c62f2b1ec78ba15e46c7a39d0a01c699522bffc62cd1f36,c8316b963006f25e0b5d983ac85da442589a0fb5b679af8ee3525a9e4826f318,COMPLETE_SUCCESS,optimal,conic,False,True,True,True,COLLISION_WITNESSED,402.7244579992839,546.0381249940838,546.041082998272,0.16018146865892044,cluttered,True,True,0.008478513238010738,0.023983703307696124,0.0039062451369438,0.018100174926327657,0.14789505221757906,0.6493044422014199,1.819335346377798,0.8921042492606991,0.8607076503257004,6.143715560159597,1.7723304834475755,0.36838332574230587,0,0.0,0,0,0,5.555697181557265e-05,10501,10.5,raw/B_s5_r1_conic.tracking.npz,83c48caa248e8cd12354104e89abe7cf25097225ce465594f912e3cb9ea9bb4d,0.589865916997951,
B_s5_r1_factor,heldout_41005,41005,1,factor,39c75ee513e4a6561ba26d5df93519b85af6c42334b4156a9f8301ebc5e3b0b2,fdd937a50ec8c4a28c62f2b1ec78ba15e46c7a39d0a01c699522bffc62cd1f36,c8316b963006f25e0b5d983ac85da442589a0fb5b679af8ee3525a9e4826f318,COMPLETE_SUCCESS,optimal,conic,True,True,True,True,COLLISION_WITNESSED,439.2577499966137,578.131874994142,578.1348749951576,0.16018146865892044,cluttered,True,True,0.008478513238010738,0.023983703307696124,0.0039062451369438,0.018100174926327657,0.14789505221757906,0.6493044422014199,1.819335346377798,0.8921042492606991,0.8607076503257004,6.143715560159597,1.7723304834475755,0.36838332574230587,0,0.0,0,0,0,5.555697181557265e-05,10501,10.5,raw/B_s5_r1_factor.tracking.npz,83c48caa248e8cd12354104e89abe7cf25097225ce465594f912e3cb9ea9bb4d,0.5393311250008992,
B_s6_r0_conic,heldout_41006,41006,0,conic,39c75ee513e4a6561ba26d5df93519b85af6c42334b4156a9f8301ebc5e3b0b2,fdd937a50ec8c4a28c62f2b1ec78ba15e46c7a39d0a01c699522bffc62cd1f36,8057e38afbc60674c1662382994332fc914c935131f046df72dfb496d3012308,ROOT_FAILURE,optimal,,False,False,False,False,NOT_AVAILABLE,335.062416997971,335.428457998205,335.4313750023721,,cluttered,False,False,,,,,,,,,,,,,,,,,,,,,,,,physical planning not accepted
B_s6_r0_factor,heldout_41006,41006,0,factor,39c75ee513e4a6561ba26d5df93519b85af6c42334b4156a9f8301ebc5e3b0b2,fdd937a50ec8c4a28c62f2b1ec78ba15e46c7a39d0a01c699522bffc62cd1f36,8057e38afbc60674c1662382994332fc914c935131f046df72dfb496d3012308,ROOT_FAILURE,optimal,,True,False,False,False,NOT_AVAILABLE,353.1634169994504,353.531083004782,353.5337920038728,,cluttered,False,False,,,,,,,,,,,,,,,,,,,,,,,,physical planning not accepted
B_s6_r1_factor,heldout_41006,41006,1,factor,39c75ee513e4a6561ba26d5df93519b85af6c42334b4156a9f8301ebc5e3b0b2,fdd937a50ec8c4a28c62f2b1ec78ba15e46c7a39d0a01c699522bffc62cd1f36,8057e38afbc60674c1662382994332fc914c935131f046df72dfb496d3012308,ROOT_FAILURE,optimal,,True,False,False,False,NOT_AVAILABLE,167.39595899707638,167.76641699834727,167.76866700092796,,cluttered,False,False,,,,,,,,,,,,,,,,,,,,,,,,physical planning not accepted
B_s6_r1_conic,heldout_41006,41006,1,conic,39c75ee513e4a6561ba26d5df93519b85af6c42334b4156a9f8301ebc5e3b0b2,fdd937a50ec8c4a28c62f2b1ec78ba15e46c7a39d0a01c699522bffc62cd1f36,8057e38afbc60674c1662382994332fc914c935131f046df72dfb496d3012308,ROOT_FAILURE,optimal,,False,False,False,False,NOT_AVAILABLE,162.16845799499424,162.52091599744745,162.52324999368284,,cluttered,False,False,,,,,,,,,,,,,,,,,,,,,,,,physical planning not accepted
B_s7_r0_factor,heldout_41007,41007,0,factor,39c75ee513e4a6561ba26d5df93519b85af6c42334b4156a9f8301ebc5e3b0b2,fdd937a50ec8c4a28c62f2b1ec78ba15e46c7a39d0a01c699522bffc62cd1f36,be86e491949ee9298dee6a10d9543b05f74e5b4243ac47d09d50a252c47f61fa,ROOT_FAILURE,optimal,,True,False,False,False,NOT_AVAILABLE,318.18262500019046,318.59829099994386,318.601499995566,,cluttered,False,False,,,,,,,,,,,,,,,,,,,,,,,,physical planning not accepted
B_s7_r0_conic,heldout_41007,41007,0,conic,39c75ee513e4a6561ba26d5df93519b85af6c42334b4156a9f8301ebc5e3b0b2,fdd937a50ec8c4a28c62f2b1ec78ba15e46c7a39d0a01c699522bffc62cd1f36,be86e491949ee9298dee6a10d9543b05f74e5b4243ac47d09d50a252c47f61fa,ROOT_FAILURE,optimal,,False,False,False,False,NOT_AVAILABLE,357.06829099945026,357.42949999985285,357.4323330030893,,cluttered,False,False,,,,,,,,,,,,,,,,,,,,,,,,physical planning not accepted
B_s7_r1_conic,heldout_41007,41007,1,conic,39c75ee513e4a6561ba26d5df93519b85af6c42334b4156a9f8301ebc5e3b0b2,fdd937a50ec8c4a28c62f2b1ec78ba15e46c7a39d0a01c699522bffc62cd1f36,be86e491949ee9298dee6a10d9543b05f74e5b4243ac47d09d50a252c47f61fa,ROOT_FAILURE,optimal,,False,False,False,False,NOT_AVAILABLE,147.31479200418107,147.6706670000567,147.67391700297594,,cluttered,False,False,,,,,,,,,,,,,,,,,,,,,,,,physical planning not accepted
B_s7_r1_factor,heldout_41007,41007,1,factor,39c75ee513e4a6561ba26d5df93519b85af6c42334b4156a9f8301ebc5e3b0b2,fdd937a50ec8c4a28c62f2b1ec78ba15e46c7a39d0a01c699522bffc62cd1f36,be86e491949ee9298dee6a10d9543b05f74e5b4243ac47d09d50a252c47f61fa,ROOT_FAILURE,optimal,,True,False,False,False,NOT_AVAILABLE,146.9721249959548,147.33191699633608,147.33458300179336,,cluttered,False,False,,,,,,,,,,,,,,,,,,,,,,,,physical planning not accepted
B_s8_r0_conic,heldout_41008,41008,0,conic,39c75ee513e4a6561ba26d5df93519b85af6c42334b4156a9f8301ebc5e3b0b2,fdd937a50ec8c4a28c62f2b1ec78ba15e46c7a39d0a01c699522bffc62cd1f36,64430beb3ca277f4889bb7dac1a5dd5aebb83957f936411dcf0b568a43574809,ROOT_FAILURE,optimal_inaccurate,,False,False,False,False,NOT_AVAILABLE,325.35954100603703,325.48570800281595,325.4891660035355,,cluttered,False,False,,,,,,,,,,,,,,,,,,,,,,,,physical planning not accepted
B_s8_r0_factor,heldout_41008,41008,0,factor,39c75ee513e4a6561ba26d5df93519b85af6c42334b4156a9f8301ebc5e3b0b2,fdd937a50ec8c4a28c62f2b1ec78ba15e46c7a39d0a01c699522bffc62cd1f36,64430beb3ca277f4889bb7dac1a5dd5aebb83957f936411dcf0b568a43574809,ROOT_FAILURE,optimal_inaccurate,,True,False,False,False,NOT_AVAILABLE,324.1372920019785,324.26033400406595,324.26316700002644,,cluttered,False,False,,,,,,,,,,,,,,,,,,,,,,,,physical planning not accepted
B_s8_r1_factor,heldout_41008,41008,1,factor,39c75ee513e4a6561ba26d5df93519b85af6c42334b4156a9f8301ebc5e3b0b2,fdd937a50ec8c4a28c62f2b1ec78ba15e46c7a39d0a01c699522bffc62cd1f36,64430beb3ca277f4889bb7dac1a5dd5aebb83957f936411dcf0b568a43574809,ROOT_FAILURE,optimal_inaccurate,,True,False,False,False,NOT_AVAILABLE,151.07641700160457,151.20358300191583,151.20658300293144,,cluttered,False,False,,,,,,,,,,,,,,,,,,,,,,,,physical planning not accepted
B_s8_r1_conic,heldout_41008,41008,1,conic,39c75ee513e4a6561ba26d5df93519b85af6c42334b4156a9f8301ebc5e3b0b2,fdd937a50ec8c4a28c62f2b1ec78ba15e46c7a39d0a01c699522bffc62cd1f36,64430beb3ca277f4889bb7dac1a5dd5aebb83957f936411dcf0b568a43574809,ROOT_FAILURE,optimal_inaccurate,,False,False,False,False,NOT_AVAILABLE,155.94941699964693,156.0654999993858,156.0684579962981,,cluttered,False,False,,,,,,,,,,,,,,,,,,,,,,,,physical planning not accepted
B_s9_r0_factor,heldout_41009,41009,0,factor,39c75ee513e4a6561ba26d5df93519b85af6c42334b4156a9f8301ebc5e3b0b2,fdd937a50ec8c4a28c62f2b1ec78ba15e46c7a39d0a01c699522bffc62cd1f36,6bbedb4acfd0f49d1577225878257490e041599a7a0962dcb1610c4a09c53f3d,ROOT_FAILURE,optimal_inaccurate,,True,False,False,False,NOT_AVAILABLE,349.6184999967227,349.7451250004815,349.747792002745,,cluttered,False,False,,,,,,,,,,,,,,,,,,,,,,,,physical planning not accepted
B_s9_r0_conic,heldout_41009,41009,0,conic,39c75ee513e4a6561ba26d5df93519b85af6c42334b4156a9f8301ebc5e3b0b2,fdd937a50ec8c4a28c62f2b1ec78ba15e46c7a39d0a01c699522bffc62cd1f36,6bbedb4acfd0f49d1577225878257490e041599a7a0962dcb1610c4a09c53f3d,ROOT_FAILURE,optimal_inaccurate,,False,False,False,False,NOT_AVAILABLE,321.5268330022809,321.65325000096345,321.65600000007544,,cluttered,False,False,,,,,,,,,,,,,,,,,,,,,,,,physical planning not accepted
B_s9_r1_conic,heldout_41009,41009,1,conic,39c75ee513e4a6561ba26d5df93519b85af6c42334b4156a9f8301ebc5e3b0b2,fdd937a50ec8c4a28c62f2b1ec78ba15e46c7a39d0a01c699522bffc62cd1f36,6bbedb4acfd0f49d1577225878257490e041599a7a0962dcb1610c4a09c53f3d,ROOT_FAILURE,optimal_inaccurate,,False,False,False,False,NOT_AVAILABLE,148.28133300034096,148.4093330000178,148.41216600325424,,cluttered,False,False,,,,,,,,,,,,,,,,,,,,,,,,physical planning not accepted
B_s9_r1_factor,heldout_41009,41009,1,factor,39c75ee513e4a6561ba26d5df93519b85af6c42334b4156a9f8301ebc5e3b0b2,fdd937a50ec8c4a28c62f2b1ec78ba15e46c7a39d0a01c699522bffc62cd1f36,6bbedb4acfd0f49d1577225878257490e041599a7a0962dcb1610c4a09c53f3d,ROOT_FAILURE,optimal_inaccurate,,True,False,False,False,NOT_AVAILABLE,149.4232920013019,149.5512499968754,149.5539999959874,,cluttered,False,False,,,,,,,,,,,,,,,,,,,,,,,,physical planning not accepted
B_s10_r0_conic,heldout_41010,41010,0,conic,39c75ee513e4a6561ba26d5df93519b85af6c42334b4156a9f8301ebc5e3b0b2,fdd937a50ec8c4a28c62f2b1ec78ba15e46c7a39d0a01c699522bffc62cd1f36,2f9b0ad2543d211915083b41034b472ff26919e122eeae67c968129ecdec472a,ROOT_FAILURE,optimal,,False,False,False,False,NOT_AVAILABLE,332.7487080023275,333.10991700273007,333.11295800376683,,cluttered,False,False,,,,,,,,,,,,,,,,,,,,,,,,physical planning not accepted
B_s10_r0_factor,heldout_41010,41010,0,factor,39c75ee513e4a6561ba26d5df93519b85af6c42334b4156a9f8301ebc5e3b0b2,fdd937a50ec8c4a28c62f2b1ec78ba15e46c7a39d0a01c699522bffc62cd1f36,2f9b0ad2543d211915083b41034b472ff26919e122eeae67c968129ecdec472a,ROOT_FAILURE,optimal,,True,False,False,False,NOT_AVAILABLE,356.45795799791813,356.82645800261525,356.8339580015163,,cluttered,False,False,,,,,,,,,,,,,,,,,,,,,,,,physical planning not accepted
B_s10_r1_factor,heldout_41010,41010,1,factor,39c75ee513e4a6561ba26d5df93519b85af6c42334b4156a9f8301ebc5e3b0b2,fdd937a50ec8c4a28c62f2b1ec78ba15e46c7a39d0a01c699522bffc62cd1f36,2f9b0ad2543d211915083b41034b472ff26919e122eeae67c968129ecdec472a,ROOT_FAILURE,optimal,,True,False,False,False,NOT_AVAILABLE,154.07112500543008,154.54950000275858,154.5527080015745,,cluttered,False,False,,,,,,,,,,,,,,,,,,,,,,,,physical planning not accepted
B_s10_r1_conic,heldout_41010,41010,1,conic,39c75ee513e4a6561ba26d5df93519b85af6c42334b4156a9f8301ebc5e3b0b2,fdd937a50ec8c4a28c62f2b1ec78ba15e46c7a39d0a01c699522bffc62cd1f36,2f9b0ad2543d211915083b41034b472ff26919e122eeae67c968129ecdec472a,ROOT_FAILURE,optimal,,False,False,False,False,NOT_AVAILABLE,153.46800000406802,153.8202090014238,153.82587500062073,,cluttered,False,False,,,,,,,,,,,,,,,,,,,,,,,,physical planning not accepted
B_s11_r0_factor,heldout_41011,41011,0,factor,39c75ee513e4a6561ba26d5df93519b85af6c42334b4156a9f8301ebc5e3b0b2,fdd937a50ec8c4a28c62f2b1ec78ba15e46c7a39d0a01c699522bffc62cd1f36,713a7222a479a050dbb98a41f4c85272977fb93564a016a298a8bbf13a7ef435,PHYSICAL_ONLY,optimal,conic,True,True,False,True,COLLISION_WITNESSED,581.9209170003887,617.1380000014324,617.1408750014962,0.160015811581361,cluttered,True,True,0.008475283834388024,0.023972347480774463,0.0039060459846074727,0.018100181304556144,0.14837048844049253,0.6533164025447672,1.8205358199969885,0.8947593689594463,0.8665149012567607,6.14209490358027,1.7723326740220529,0.36838584728393914,0,0.0,0,0,0,5.514511768765932e-05,10501,10.5,raw/B_s11_r0_factor.tracking.npz,934c5c1a710323fb0b4c525caaffe5527e9ea1fc4b5b5241782f534d043243fd,0.5825792500036187,
B_s11_r0_conic,heldout_41011,41011,0,conic,39c75ee513e4a6561ba26d5df93519b85af6c42334b4156a9f8301ebc5e3b0b2,fdd937a50ec8c4a28c62f2b1ec78ba15e46c7a39d0a01c699522bffc62cd1f36,713a7222a479a050dbb98a41f4c85272977fb93564a016a298a8bbf13a7ef435,PHYSICAL_ONLY,optimal,conic,False,True,False,True,COLLISION_WITNESSED,562.9912500007777,598.0704999965383,598.0734580007265,0.160015811581361,cluttered,True,True,0.008475283834388024,0.023972347480774463,0.0039060459846074727,0.018100181304556144,0.14837048844049253,0.6533164025447672,1.8205358199969885,0.8947593689594463,0.8665149012567607,6.14209490358027,1.7723326740220529,0.36838584728393914,0,0.0,0,0,0,5.514511768765932e-05,10501,10.5,raw/B_s11_r0_conic.tracking.npz,934c5c1a710323fb0b4c525caaffe5527e9ea1fc4b5b5241782f534d043243fd,0.5544555410015164,
B_s11_r1_conic,heldout_41011,41011,1,conic,39c75ee513e4a6561ba26d5df93519b85af6c42334b4156a9f8301ebc5e3b0b2,fdd937a50ec8c4a28c62f2b1ec78ba15e46c7a39d0a01c699522bffc62cd1f36,713a7222a479a050dbb98a41f4c85272977fb93564a016a298a8bbf13a7ef435,PHYSICAL_ONLY,optimal,conic,False,True,False,True,COLLISION_WITNESSED,389.950291995774,424.45979199692374,424.46791700058384,0.160015811581361,cluttered,True,True,0.008475283834388024,0.023972347480774463,0.0039060459846074727,0.018100181304556144,0.14837048844049253,0.6533164025447672,1.8205358199969885,0.8947593689594463,0.8665149012567607,6.14209490358027,1.7723326740220529,0.36838584728393914,0,0.0,0,0,0,5.514511768765932e-05,10501,10.5,raw/B_s11_r1_conic.tracking.npz,934c5c1a710323fb0b4c525caaffe5527e9ea1fc4b5b5241782f534d043243fd,0.5591251660007401,
B_s11_r1_factor,heldout_41011,41011,1,factor,39c75ee513e4a6561ba26d5df93519b85af6c42334b4156a9f8301ebc5e3b0b2,fdd937a50ec8c4a28c62f2b1ec78ba15e46c7a39d0a01c699522bffc62cd1f36,713a7222a479a050dbb98a41f4c85272977fb93564a016a298a8bbf13a7ef435,PHYSICAL_ONLY,optimal,conic,True,True,False,True,COLLISION_WITNESSED,413.990291999653,449.0756250015693,449.07816700288095,0.160015811581361,cluttered,True,True,0.008475283834388024,0.023972347480774463,0.0039060459846074727,0.018100181304556144,0.14837048844049253,0.6533164025447672,1.8205358199969885,0.8947593689594463,0.8665149012567607,6.14209490358027,1.7723326740220529,0.36838584728393914,0,0.0,0,0,0,5.514511768765932e-05,10501,10.5,raw/B_s11_r1_factor.tracking.npz,934c5c1a710323fb0b4c525caaffe5527e9ea1fc4b5b5241782f534d043243fd,0.5511209169999347,
B_s12_r0_conic,heldout_41012,41012,0,conic,39c75ee513e4a6561ba26d5df93519b85af6c42334b4156a9f8301ebc5e3b0b2,fdd937a50ec8c4a28c62f2b1ec78ba15e46c7a39d0a01c699522bffc62cd1f36,9937684d1eb43d1b277e714a7c410b82a540309930da9597cb3d282c70e2b61c,PHYSICAL_ONLY,optimal,conic,False,True,False,True,COLLISION_WITNESSED,569.9593750032363,604.7761250010808,604.7790840020753,0.16012889394616645,cluttered,True,True,0.008467051634662213,0.023957568057195254,0.0039046273153053005,0.018100183241509277,0.1510542628648706,0.6144013163569003,1.8227584119684659,0.8936772626412431,0.8629453936523257,6.160428975384004,1.772331193718671,0.368386819075423,0,0.0,0,0,0,5.51987418194725e-05,10501,10.5,raw/B_s12_r0_conic.tracking.npz,d29526f898d7e6dd4f8fc0824e10ea10068c518fcd2717034933fa8e42849c6b,0.5642664159968263,
B_s12_r0_factor,heldout_41012,41012,0,factor,39c75ee513e4a6561ba26d5df93519b85af6c42334b4156a9f8301ebc5e3b0b2,fdd937a50ec8c4a28c62f2b1ec78ba15e46c7a39d0a01c699522bffc62cd1f36,9937684d1eb43d1b277e714a7c410b82a540309930da9597cb3d282c70e2b61c,PHYSICAL_ONLY,optimal,conic,True,True,False,True,COLLISION_WITNESSED,600.7150410005124,636.19258300605,636.1963750023278,0.16012889394616645,cluttered,True,True,0.008467051634662213,0.023957568057195254,0.0039046273153053005,0.018100183241509277,0.1510542628648706,0.6144013163569003,1.8227584119684659,0.8936772626412431,0.8629453936523257,6.160428975384004,1.772331193718671,0.368386819075423,0,0.0,0,0,0,5.51987418194725e-05,10501,10.5,raw/B_s12_r0_factor.tracking.npz,d29526f898d7e6dd4f8fc0824e10ea10068c518fcd2717034933fa8e42849c6b,0.5412657499982743,
B_s12_r1_factor,heldout_41012,41012,1,factor,39c75ee513e4a6561ba26d5df93519b85af6c42334b4156a9f8301ebc5e3b0b2,fdd937a50ec8c4a28c62f2b1ec78ba15e46c7a39d0a01c699522bffc62cd1f36,9937684d1eb43d1b277e714a7c410b82a540309930da9597cb3d282c70e2b61c,PHYSICAL_ONLY,optimal,conic,True,True,False,True,COLLISION_WITNESSED,425.57358300109627,462.17641700059175,462.18166700418806,0.16012889394616645,cluttered,True,True,0.008467051634662213,0.023957568057195254,0.0039046273153053005,0.018100183241509277,0.1510542628648706,0.6144013163569003,1.8227584119684659,0.8936772626412431,0.8629453936523257,6.160428975384004,1.772331193718671,0.368386819075423,0,0.0,0,0,0,5.51987418194725e-05,10501,10.5,raw/B_s12_r1_factor.tracking.npz,d29526f898d7e6dd4f8fc0824e10ea10068c518fcd2717034933fa8e42849c6b,0.5495005420016241,
B_s12_r1_conic,heldout_41012,41012,1,conic,39c75ee513e4a6561ba26d5df93519b85af6c42334b4156a9f8301ebc5e3b0b2,fdd937a50ec8c4a28c62f2b1ec78ba15e46c7a39d0a01c699522bffc62cd1f36,9937684d1eb43d1b277e714a7c410b82a540309930da9597cb3d282c70e2b61c,PHYSICAL_ONLY,optimal,conic,False,True,False,True,COLLISION_WITNESSED,396.67329200165113,431.48862499947427,431.4915830036625,0.16012889394616645,cluttered,True,True,0.008467051634662213,0.023957568057195254,0.0039046273153053005,0.018100183241509277,0.1510542628648706,0.6144013163569003,1.8227584119684659,0.8936772626412431,0.8629453936523257,6.160428975384004,1.772331193718671,0.368386819075423,0,0.0,0,0,0,5.51987418194725e-05,10501,10.5,raw/B_s12_r1_conic.tracking.npz,d29526f898d7e6dd4f8fc0824e10ea10068c518fcd2717034933fa8e42849c6b,0.5749240000004647,
B_s13_r0_factor,heldout_41013,41013,0,factor,39c75ee513e4a6561ba26d5df93519b85af6c42334b4156a9f8301ebc5e3b0b2,fdd937a50ec8c4a28c62f2b1ec78ba15e46c7a39d0a01c699522bffc62cd1f36,fab909f2b07e8721bdac27ad5c715aceff50815ac496a0bb5e81fa1225d2619e,COMPLETE_SUCCESS,optimal,conic,True,True,True,True,COLLISION_WITNESSED,567.3832909960765,752.1885000023758,752.1914160024608,0.16054483509989945,cluttered,True,True,0.008918425087017194,0.024744757660215954,0.004370411016820588,0.01938708216801014,0.1516544077691979,0.9046259968287496,1.9451221614837046,1.0200101166416402,1.0533646304978337,6.071033339064471,1.7937553892029245,0.3945378596653876,0,0.0,0,0,0,7.560861594749682e-05,10001,10.0,raw/B_s13_r0_factor.tracking.npz,2bb4e7e55ede8bfe9e4397b71fac1d708aead62617134b0ba7b5e39d557c0295,0.5598070409978391,
B_s13_r0_conic,heldout_41013,41013,0,conic,39c75ee513e4a6561ba26d5df93519b85af6c42334b4156a9f8301ebc5e3b0b2,fdd937a50ec8c4a28c62f2b1ec78ba15e46c7a39d0a01c699522bffc62cd1f36,fab909f2b07e8721bdac27ad5c715aceff50815ac496a0bb5e81fa1225d2619e,COMPLETE_SUCCESS,optimal,conic,False,True,True,True,COLLISION_WITNESSED,555.5732089997036,694.2972920005559,694.300209004723,0.16054483509989945,cluttered,True,True,0.008918425087017194,0.024744757660215954,0.004370411016820588,0.01938708216801014,0.1516544077691979,0.9046259968287496,1.9451221614837046,1.0200101166416402,1.0533646304978337,6.071033339064471,1.7937553892029245,0.3945378596653876,0,0.0,0,0,0,7.560861594749682e-05,10001,10.0,raw/B_s13_r0_conic.tracking.npz,2bb4e7e55ede8bfe9e4397b71fac1d708aead62617134b0ba7b5e39d557c0295,0.5250418330033426,
B_s13_r1_conic,heldout_41013,41013,1,conic,39c75ee513e4a6561ba26d5df93519b85af6c42334b4156a9f8301ebc5e3b0b2,fdd937a50ec8c4a28c62f2b1ec78ba15e46c7a39d0a01c699522bffc62cd1f36,fab909f2b07e8721bdac27ad5c715aceff50815ac496a0bb5e81fa1225d2619e,COMPLETE_SUCCESS,optimal,conic,False,True,True,True,COLLISION_WITNESSED,409.62312500050757,553.0866670014802,553.089834000275,0.16054483509989945,cluttered,True,True,0.008918425087017194,0.024744757660215954,0.004370411016820588,0.01938708216801014,0.1516544077691979,0.9046259968287496,1.9451221614837046,1.0200101166416402,1.0533646304978337,6.071033339064471,1.7937553892029245,0.3945378596653876,0,0.0,0,0,0,7.560861594749682e-05,10001,10.0,raw/B_s13_r1_conic.tracking.npz,2bb4e7e55ede8bfe9e4397b71fac1d708aead62617134b0ba7b5e39d557c0295,0.5176165839948226,
B_s13_r1_factor,heldout_41013,41013,1,factor,39c75ee513e4a6561ba26d5df93519b85af6c42334b4156a9f8301ebc5e3b0b2,fdd937a50ec8c4a28c62f2b1ec78ba15e46c7a39d0a01c699522bffc62cd1f36,fab909f2b07e8721bdac27ad5c715aceff50815ac496a0bb5e81fa1225d2619e,COMPLETE_SUCCESS,optimal,conic,True,True,True,True,COLLISION_WITNESSED,402.4635000023409,540.7376660004957,540.7403749995865,0.16054483509989945,cluttered,True,True,0.008918425087017194,0.024744757660215954,0.004370411016820588,0.01938708216801014,0.1516544077691979,0.9046259968287496,1.9451221614837046,1.0200101166416402,1.0533646304978337,6.071033339064471,1.7937553892029245,0.3945378596653876,0,0.0,0,0,0,7.560861594749682e-05,10001,10.0,raw/B_s13_r1_factor.tracking.npz,2bb4e7e55ede8bfe9e4397b71fac1d708aead62617134b0ba7b5e39d557c0295,0.5622309159953147,
B_s14_r0_conic,heldout_41014,41014,0,conic,39c75ee513e4a6561ba26d5df93519b85af6c42334b4156a9f8301ebc5e3b0b2,fdd937a50ec8c4a28c62f2b1ec78ba15e46c7a39d0a01c699522bffc62cd1f36,0e46df9c8b3d4a4357ef5e77ed479310ce76c1bb33728de49adcdf0e6eaa6850,COMPLETE_SUCCESS,optimal,conic,False,True,True,True,COLLISION_WITNESSED,572.9598329999135,713.1257079963689,713.1303749993094,0.16024155717215757,cluttered,True,True,0.008483686997449133,0.024004333785936357,0.003906754190187611,0.018100198711363646,0.14710572720058893,0.6808843593851904,1.8191261402718608,0.890877057184557,0.855140982177025,6.134887069846606,1.7723189300602091,0.3683925501264627,0,0.0,0,0,0,5.520872519475721e-05,10501,10.5,raw/B_s14_r0_conic.tracking.npz,4ee1881b854f0b7f4baad1281334ce97d12da0037e0cf4ad906668cf06608656,0.5896873750025406,
B_s14_r0_factor,heldout_41014,41014,0,factor,39c75ee513e4a6561ba26d5df93519b85af6c42334b4156a9f8301ebc5e3b0b2,fdd937a50ec8c4a28c62f2b1ec78ba15e46c7a39d0a01c699522bffc62cd1f36,0e46df9c8b3d4a4357ef5e77ed479310ce76c1bb33728de49adcdf0e6eaa6850,COMPLETE_SUCCESS,optimal,conic,True,True,True,True,COLLISION_WITNESSED,570.1347909998731,707.7392499995767,707.7423750015441,0.16024155717215757,cluttered,True,True,0.008483686997449133,0.024004333785936357,0.003906754190187611,0.018100198711363646,0.14710572720058893,0.6808843593851904,1.8191261402718608,0.890877057184557,0.855140982177025,6.134887069846606,1.7723189300602091,0.3683925501264627,0,0.0,0,0,0,5.520872519475721e-05,10501,10.5,raw/B_s14_r0_factor.tracking.npz,4ee1881b854f0b7f4baad1281334ce97d12da0037e0cf4ad906668cf06608656,0.5491477499963366,
B_s14_r1_factor,heldout_41014,41014,1,factor,39c75ee513e4a6561ba26d5df93519b85af6c42334b4156a9f8301ebc5e3b0b2,fdd937a50ec8c4a28c62f2b1ec78ba15e46c7a39d0a01c699522bffc62cd1f36,0e46df9c8b3d4a4357ef5e77ed479310ce76c1bb33728de49adcdf0e6eaa6850,COMPLETE_SUCCESS,optimal,conic,True,True,True,True,COLLISION_WITNESSED,432.6673329996993,579.7829160001129,579.7859160011285,0.16024155717215757,cluttered,True,True,0.008483686997449133,0.024004333785936357,0.003906754190187611,0.018100198711363646,0.14710572720058893,0.6808843593851904,1.8191261402718608,0.890877057184557,0.855140982177025,6.134887069846606,1.7723189300602091,0.3683925501264627,0,0.0,0,0,0,5.520872519475721e-05,10501,10.5,raw/B_s14_r1_factor.tracking.npz,4ee1881b854f0b7f4baad1281334ce97d12da0037e0cf4ad906668cf06608656,0.5501604579985724,
B_s14_r1_conic,heldout_41014,41014,1,conic,39c75ee513e4a6561ba26d5df93519b85af6c42334b4156a9f8301ebc5e3b0b2,fdd937a50ec8c4a28c62f2b1ec78ba15e46c7a39d0a01c699522bffc62cd1f36,0e46df9c8b3d4a4357ef5e77ed479310ce76c1bb33728de49adcdf0e6eaa6850,COMPLETE_SUCCESS,optimal,conic,False,True,True,True,COLLISION_WITNESSED,392.0650000000023,530.3240830035065,530.327207998198,0.16024155717215757,cluttered,True,True,0.008483686997449133,0.024004333785936357,0.003906754190187611,0.018100198711363646,0.14710572720058893,0.6808843593851904,1.8191261402718608,0.890877057184557,0.855140982177025,6.134887069846606,1.7723189300602091,0.3683925501264627,0,0.0,0,0,0,5.520872519475721e-05,10501,10.5,raw/B_s14_r1_conic.tracking.npz,4ee1881b854f0b7f4baad1281334ce97d12da0037e0cf4ad906668cf06608656,0.5412124170034076,
B_s15_r0_factor,heldout_41015,41015,0,factor,39c75ee513e4a6561ba26d5df93519b85af6c42334b4156a9f8301ebc5e3b0b2,fdd937a50ec8c4a28c62f2b1ec78ba15e46c7a39d0a01c699522bffc62cd1f36,2f0dc61b4ab13a2cac43678c485956f963ab3406a52e31486ab6de557f2cbd5f,ROOT_FAILURE,optimal_inaccurate,,True,False,False,False,NOT_AVAILABLE,299.0242500018212,299.1473330039298,299.1505420068279,,on_axis_recovery_target,False,False,,,,,,,,,,,,,,,,,,,,,,,,physical planning not accepted
B_s15_r0_conic,heldout_41015,41015,0,conic,39c75ee513e4a6561ba26d5df93519b85af6c42334b4156a9f8301ebc5e3b0b2,fdd937a50ec8c4a28c62f2b1ec78ba15e46c7a39d0a01c699522bffc62cd1f36,2f0dc61b4ab13a2cac43678c485956f963ab3406a52e31486ab6de557f2cbd5f,ROOT_FAILURE,optimal_inaccurate,,False,False,False,False,NOT_AVAILABLE,337.26675000070827,337.38416700361995,337.3873750024359,,on_axis_recovery_target,False,False,,,,,,,,,,,,,,,,,,,,,,,,physical planning not accepted
B_s15_r1_conic,heldout_41015,41015,1,conic,39c75ee513e4a6561ba26d5df93519b85af6c42334b4156a9f8301ebc5e3b0b2,fdd937a50ec8c4a28c62f2b1ec78ba15e46c7a39d0a01c699522bffc62cd1f36,2f0dc61b4ab13a2cac43678c485956f963ab3406a52e31486ab6de557f2cbd5f,ROOT_FAILURE,optimal_inaccurate,,False,False,False,False,NOT_AVAILABLE,126.4290830004029,126.54791599925375,126.55116600217298,,on_axis_recovery_target,False,False,,,,,,,,,,,,,,,,,,,,,,,,physical planning not accepted
B_s15_r1_factor,heldout_41015,41015,1,factor,39c75ee513e4a6561ba26d5df93519b85af6c42334b4156a9f8301ebc5e3b0b2,fdd937a50ec8c4a28c62f2b1ec78ba15e46c7a39d0a01c699522bffc62cd1f36,2f0dc61b4ab13a2cac43678c485956f963ab3406a52e31486ab6de557f2cbd5f,ROOT_FAILURE,optimal_inaccurate,,True,False,False,False,NOT_AVAILABLE,125.44595799408853,125.57179099530913,125.5767080001533,,on_axis_recovery_target,False,False,,,,,,,,,,,,,,,,,,,,,,,,physical planning not accepted
B_s16_r0_conic,heldout_41016,41016,0,conic,39c75ee513e4a6561ba26d5df93519b85af6c42334b4156a9f8301ebc5e3b0b2,fdd937a50ec8c4a28c62f2b1ec78ba15e46c7a39d0a01c699522bffc62cd1f36,a24d961d6b6d0ba1fa13cf90c49ef1f7a684b364abafe68e1a5fe4ecb59e252c,ROOT_FAILURE,optimal_inaccurate,,False,False,False,False,NOT_AVAILABLE,299.7268340041046,299.84291700384347,299.84579200390726,,on_axis_recovery_target,False,False,,,,,,,,,,,,,,,,,,,,,,,,physical planning not accepted
B_s16_r0_factor,heldout_41016,41016,0,factor,39c75ee513e4a6561ba26d5df93519b85af6c42334b4156a9f8301ebc5e3b0b2,fdd937a50ec8c4a28c62f2b1ec78ba15e46c7a39d0a01c699522bffc62cd1f36,a24d961d6b6d0ba1fa13cf90c49ef1f7a684b364abafe68e1a5fe4ecb59e252c,ROOT_FAILURE,optimal_inaccurate,,True,False,False,False,NOT_AVAILABLE,299.0508750008303,299.18412499682745,299.1866660013329,,on_axis_recovery_target,False,False,,,,,,,,,,,,,,,,,,,,,,,,physical planning not accepted
B_s16_r1_factor,heldout_41016,41016,1,factor,39c75ee513e4a6561ba26d5df93519b85af6c42334b4156a9f8301ebc5e3b0b2,fdd937a50ec8c4a28c62f2b1ec78ba15e46c7a39d0a01c699522bffc62cd1f36,a24d961d6b6d0ba1fa13cf90c49ef1f7a684b364abafe68e1a5fe4ecb59e252c,ROOT_FAILURE,optimal_inaccurate,,True,False,False,False,NOT_AVAILABLE,125.8535410015611,125.98395800159778,125.98704100673785,,on_axis_recovery_target,False,False,,,,,,,,,,,,,,,,,,,,,,,,physical planning not accepted
B_s16_r1_conic,heldout_41016,41016,1,conic,39c75ee513e4a6561ba26d5df93519b85af6c42334b4156a9f8301ebc5e3b0b2,fdd937a50ec8c4a28c62f2b1ec78ba15e46c7a39d0a01c699522bffc62cd1f36,a24d961d6b6d0ba1fa13cf90c49ef1f7a684b364abafe68e1a5fe4ecb59e252c,ROOT_FAILURE,optimal_inaccurate,,False,False,False,False,NOT_AVAILABLE,127.64345799951116,127.75970800430514,127.76216700149234,,on_axis_recovery_target,False,False,,,,,,,,,,,,,,,,,,,,,,,,physical planning not accepted
B_s17_r0_factor,heldout_41017,41017,0,factor,39c75ee513e4a6561ba26d5df93519b85af6c42334b4156a9f8301ebc5e3b0b2,fdd937a50ec8c4a28c62f2b1ec78ba15e46c7a39d0a01c699522bffc62cd1f36,d81589ffa3bd8548c4ebd00f3cf13455ede6c103485c48e751c3e4f60a7f9350,ROOT_FAILURE,optimal_inaccurate,,True,False,False,False,NOT_AVAILABLE,337.10091700049816,337.22779199888464,337.23037500021746,,on_axis_recovery_target,False,False,,,,,,,,,,,,,,,,,,,,,,,,physical planning not accepted
B_s17_r0_conic,heldout_41017,41017,0,conic,39c75ee513e4a6561ba26d5df93519b85af6c42334b4156a9f8301ebc5e3b0b2,fdd937a50ec8c4a28c62f2b1ec78ba15e46c7a39d0a01c699522bffc62cd1f36,d81589ffa3bd8548c4ebd00f3cf13455ede6c103485c48e751c3e4f60a7f9350,ROOT_FAILURE,optimal_inaccurate,,False,False,False,False,NOT_AVAILABLE,298.56754199863644,298.6891249965993,298.69208300078753,,on_axis_recovery_target,False,False,,,,,,,,,,,,,,,,,,,,,,,,physical planning not accepted
B_s17_r1_conic,heldout_41017,41017,1,conic,39c75ee513e4a6561ba26d5df93519b85af6c42334b4156a9f8301ebc5e3b0b2,fdd937a50ec8c4a28c62f2b1ec78ba15e46c7a39d0a01c699522bffc62cd1f36,d81589ffa3bd8548c4ebd00f3cf13455ede6c103485c48e751c3e4f60a7f9350,ROOT_FAILURE,optimal_inaccurate,,False,False,False,False,NOT_AVAILABLE,125.86666599963792,125.98745800642064,125.99041600333294,,on_axis_recovery_target,False,False,,,,,,,,,,,,,,,,,,,,,,,,physical planning not accepted
B_s17_r1_factor,heldout_41017,41017,1,factor,39c75ee513e4a6561ba26d5df93519b85af6c42334b4156a9f8301ebc5e3b0b2,fdd937a50ec8c4a28c62f2b1ec78ba15e46c7a39d0a01c699522bffc62cd1f36,d81589ffa3bd8548c4ebd00f3cf13455ede6c103485c48e751c3e4f60a7f9350,ROOT_FAILURE,optimal_inaccurate,,True,False,False,False,NOT_AVAILABLE,126.0338749998482,126.16145799984224,126.16916700062575,,on_axis_recovery_target,False,False,,,,,,,,,,,,,,,,,,,,,,,,physical planning not accepted
B_s18_r0_conic,heldout_41018,41018,0,conic,39c75ee513e4a6561ba26d5df93519b85af6c42334b4156a9f8301ebc5e3b0b2,fdd937a50ec8c4a28c62f2b1ec78ba15e46c7a39d0a01c699522bffc62cd1f36,48f4ae188484ef3e7c63527fc9875c483e63e57ad85eb37f8740e55f4c82ac00,ROOT_FAILURE,optimal_inaccurate,,False,False,False,False,NOT_AVAILABLE,303.2989589992212,303.4195840009488,303.42216700228164,,on_axis_recovery_target,False,False,,,,,,,,,,,,,,,,,,,,,,,,physical planning not accepted
B_s18_r0_factor,heldout_41018,41018,0,factor,39c75ee513e4a6561ba26d5df93519b85af6c42334b4156a9f8301ebc5e3b0b2,fdd937a50ec8c4a28c62f2b1ec78ba15e46c7a39d0a01c699522bffc62cd1f36,48f4ae188484ef3e7c63527fc9875c483e63e57ad85eb37f8740e55f4c82ac00,ROOT_FAILURE,optimal_inaccurate,,True,False,False,False,NOT_AVAILABLE,329.47445799800334,329.6071250006207,329.61108299787156,,on_axis_recovery_target,False,False,,,,,,,,,,,,,,,,,,,,,,,,physical planning not accepted
B_s18_r1_factor,heldout_41018,41018,1,factor,39c75ee513e4a6561ba26d5df93519b85af6c42334b4156a9f8301ebc5e3b0b2,fdd937a50ec8c4a28c62f2b1ec78ba15e46c7a39d0a01c699522bffc62cd1f36,48f4ae188484ef3e7c63527fc9875c483e63e57ad85eb37f8740e55f4c82ac00,ROOT_FAILURE,optimal_inaccurate,,True,False,False,False,NOT_AVAILABLE,125.24966600176413,125.38000000495231,125.38287499774015,,on_axis_recovery_target,False,False,,,,,,,,,,,,,,,,,,,,,,,,physical planning not accepted
B_s18_r1_conic,heldout_41018,41018,1,conic,39c75ee513e4a6561ba26d5df93519b85af6c42334b4156a9f8301ebc5e3b0b2,fdd937a50ec8c4a28c62f2b1ec78ba15e46c7a39d0a01c699522bffc62cd1f36,48f4ae188484ef3e7c63527fc9875c483e63e57ad85eb37f8740e55f4c82ac00,ROOT_FAILURE,optimal_inaccurate,,False,False,False,False,NOT_AVAILABLE,124.76083300134633,124.87724999664351,124.88008299987996,,on_axis_recovery_target,False,False,,,,,,,,,,,,,,,,,,,,,,,,physical planning not accepted
B_s19_r0_factor,heldout_41019,41019,0,factor,39c75ee513e4a6561ba26d5df93519b85af6c42334b4156a9f8301ebc5e3b0b2,fdd937a50ec8c4a28c62f2b1ec78ba15e46c7a39d0a01c699522bffc62cd1f36,50cb8bedfbad86c8689cfef8a9881986991dafc28ae9e6860ba4d15905dc6280,ROOT_FAILURE,optimal_inaccurate,,True,False,False,False,NOT_AVAILABLE,298.8113750034245,298.9374169992516,298.9409590009018,,on_axis_recovery_target,False,False,,,,,,,,,,,,,,,,,,,,,,,,physical planning not accepted
B_s19_r0_conic,heldout_41019,41019,0,conic,39c75ee513e4a6561ba26d5df93519b85af6c42334b4156a9f8301ebc5e3b0b2,fdd937a50ec8c4a28c62f2b1ec78ba15e46c7a39d0a01c699522bffc62cd1f36,50cb8bedfbad86c8689cfef8a9881986991dafc28ae9e6860ba4d15905dc6280,ROOT_FAILURE,optimal_inaccurate,,False,False,False,False,NOT_AVAILABLE,307.6936659999774,307.81137500162004,307.81391599884955,,on_axis_recovery_target,False,False,,,,,,,,,,,,,,,,,,,,,,,,physical planning not accepted
B_s19_r1_conic,heldout_41019,41019,1,conic,39c75ee513e4a6561ba26d5df93519b85af6c42334b4156a9f8301ebc5e3b0b2,fdd937a50ec8c4a28c62f2b1ec78ba15e46c7a39d0a01c699522bffc62cd1f36,50cb8bedfbad86c8689cfef8a9881986991dafc28ae9e6860ba4d15905dc6280,ROOT_FAILURE,optimal_inaccurate,,False,False,False,False,NOT_AVAILABLE,126.35391700314358,126.47058400034439,126.47358400136,,on_axis_recovery_target,False,False,,,,,,,,,,,,,,,,,,,,,,,,physical planning not accepted
B_s19_r1_factor,heldout_41019,41019,1,factor,39c75ee513e4a6561ba26d5df93519b85af6c42334b4156a9f8301ebc5e3b0b2,fdd937a50ec8c4a28c62f2b1ec78ba15e46c7a39d0a01c699522bffc62cd1f36,50cb8bedfbad86c8689cfef8a9881986991dafc28ae9e6860ba4d15905dc6280,ROOT_FAILURE,optimal_inaccurate,,True,False,False,False,NOT_AVAILABLE,126.704875001451,126.8318750007893,126.83749999996508,,on_axis_recovery_target,False,False,,,,,,,,,,,,,,,,,,,,,,,,physical planning not accepted
