run_id,instance_id,seed,repeat,arm,group,physical_ok,complete_ok,status,projected_collision_status,simulation_executed,success,log,log_sha256
B_s0_r0_conic,heldout_41000,41000,0,conic,easy,True,True,COMPLETE_SUCCESS,NO_NEGATIVE_WITNESS_FOUND,True,True,tracking/c34e5f1360de9f2bc56c399272694821fe216db2641c0a30564083faed3442fe.npz,c34e5f1360de9f2bc56c399272694821fe216db2641c0a30564083faed3442fe
B_s0_r0_factor,heldout_41000,41000,0,factor,easy,True,True,COMPLETE_SUCCESS,NO_NEGATIVE_WITNESS_FOUND,True,True,tracking/c34e5f1360de9f2bc56c399272694821fe216db2641c0a30564083faed3442fe.npz,c34e5f1360de9f2bc56c399272694821fe216db2641c0a30564083faed3442fe
B_s0_r1_factor,heldout_41000,41000,1,factor,easy,True,True,COMPLETE_SUCCESS,NO_NEGATIVE_WITNESS_FOUND,True,True,tracking/b100bc2e99228adecd2e89682248ee9fd4a6439b7cf3629b586867207232ceb5.npz,b100bc2e99228adecd2e89682248ee9fd4a6439b7cf3629b586867207232ceb5
B_s0_r1_conic,heldout_41000,41000,1,conic,easy,True,True,COMPLETE_SUCCESS,NO_NEGATIVE_WITNESS_FOUND,True,True,tracking/c34e5f1360de9f2bc56c399272694821fe216db2641c0a30564083faed3442fe.npz,c34e5f1360de9f2bc56c399272694821fe216db2641c0a30564083faed3442fe
B_s1_r0_factor,heldout_41001,41001,0,factor,easy,True,True,COMPLETE_SUCCESS,NO_NEGATIVE_WITNESS_FOUND,True,True,tracking/26ae0159ca3d3fe60a575f1a13cd323e7f9819238cae9f735cad80bef7729d44.npz,26ae0159ca3d3fe60a575f1a13cd323e7f9819238cae9f735cad80bef7729d44
B_s1_r0_conic,heldout_41001,41001,0,conic,easy,True,True,COMPLETE_SUCCESS,NO_NEGATIVE_WITNESS_FOUND,True,True,tracking/26ae0159ca3d3fe60a575f1a13cd323e7f9819238cae9f735cad80bef7729d44.npz,26ae0159ca3d3fe60a575f1a13cd323e7f9819238cae9f735cad80bef7729d44
B_s1_r1_conic,heldout_41001,41001,1,conic,easy,True,True,COMPLETE_SUCCESS,NO_NEGATIVE_WITNESS_FOUND,True,True,tracking/26ae0159ca3d3fe60a575f1a13cd323e7f9819238cae9f735cad80bef7729d44.npz,26ae0159ca3d3fe60a575f1a13cd323e7f9819238cae9f735cad80bef7729d44
B_s1_r1_factor,heldout_41001,41001,1,factor,easy,True,True,COMPLETE_SUCCESS,NO_NEGATIVE_WITNESS_FOUND,True,True,tracking/ff76773dff588ac5294c6419438b390bad8cfee6d09eeafcd33dd61c5841f310.npz,ff76773dff588ac5294c6419438b390bad8cfee6d09eeafcd33dd61c5841f310
B_s2_r0_conic,heldout_41002,41002,0,conic,easy,True,True,COMPLETE_SUCCESS,NO_NEGATIVE_WITNESS_FOUND,True,True,tracking/f4a4ed6e9837ff0aa9c69b100e50b1b16d297bee464eed152d7c4d45f17ef861.npz,f4a4ed6e9837ff0aa9c69b100e50b1b16d297bee464eed152d7c4d45f17ef861
B_s2_r0_factor,heldout_41002,41002,0,factor,easy,True,True,COMPLETE_SUCCESS,NO_NEGATIVE_WITNESS_FOUND,True,True,tracking/f4a4ed6e9837ff0aa9c69b100e50b1b16d297bee464eed152d7c4d45f17ef861.npz,f4a4ed6e9837ff0aa9c69b100e50b1b16d297bee464eed152d7c4d45f17ef861
B_s2_r1_factor,heldout_41002,41002,1,factor,easy,True,True,COMPLETE_SUCCESS,NO_NEGATIVE_WITNESS_FOUND,True,True,tracking/66ab5e301b12d4318ec4c0a39a9e02eca6be10beb0b0ce6053211d5f72efce26.npz,66ab5e301b12d4318ec4c0a39a9e02eca6be10beb0b0ce6053211d5f72efce26
B_s2_r1_conic,heldout_41002,41002,1,conic,easy,True,True,COMPLETE_SUCCESS,NO_NEGATIVE_WITNESS_FOUND,True,True,tracking/f4a4ed6e9837ff0aa9c69b100e50b1b16d297bee464eed152d7c4d45f17ef861.npz,f4a4ed6e9837ff0aa9c69b100e50b1b16d297bee464eed152d7c4d45f17ef861
B_s3_r0_factor,heldout_41003,41003,0,factor,easy,True,True,COMPLETE_SUCCESS,NO_NEGATIVE_WITNESS_FOUND,True,True,tracking/04820dda588ffd8a425aa39cb8924dac82bd889e4684bd03d6cdf242b41a124a.npz,04820dda588ffd8a425aa39cb8924dac82bd889e4684bd03d6cdf242b41a124a
B_s3_r0_conic,heldout_41003,41003,0,conic,easy,True,True,COMPLETE_SUCCESS,NO_NEGATIVE_WITNESS_FOUND,True,True,tracking/04820dda588ffd8a425aa39cb8924dac82bd889e4684bd03d6cdf242b41a124a.npz,04820dda588ffd8a425aa39cb8924dac82bd889e4684bd03d6cdf242b41a124a
B_s3_r1_conic,heldout_41003,41003,1,conic,easy,True,True,COMPLETE_SUCCESS,NO_NEGATIVE_WITNESS_FOUND,True,True,tracking/04820dda588ffd8a425aa39cb8924dac82bd889e4684bd03d6cdf242b41a124a.npz,04820dda588ffd8a425aa39cb8924dac82bd889e4684bd03d6cdf242b41a124a
B_s3_r1_factor,heldout_41003,41003,1,factor,easy,True,True,COMPLETE_SUCCESS,NO_NEGATIVE_WITNESS_FOUND,True,True,tracking/30efdd72e431318eef748f7509d4ae357f76e801feac10a8abe336bb77c309bf.npz,30efdd72e431318eef748f7509d4ae357f76e801feac10a8abe336bb77c309bf
B_s4_r0_conic,heldout_41004,41004,0,conic,easy,True,True,COMPLETE_SUCCESS,NO_NEGATIVE_WITNESS_FOUND,True,True,tracking/d53256a86abffd04f9da6158a4ec7d8958b6fb63e9f2bb76fbd4d221c60682c4.npz,d53256a86abffd04f9da6158a4ec7d8958b6fb63e9f2bb76fbd4d221c60682c4
B_s4_r0_factor,heldout_41004,41004,0,factor,easy,True,True,COMPLETE_SUCCESS,NO_NEGATIVE_WITNESS_FOUND,True,True,tracking/d53256a86abffd04f9da6158a4ec7d8958b6fb63e9f2bb76fbd4d221c60682c4.npz,d53256a86abffd04f9da6158a4ec7d8958b6fb63e9f2bb76fbd4d221c60682c4
B_s4_r1_factor,heldout_41004,41004,1,factor,easy,True,True,COMPLETE_SUCCESS,NO_NEGATIVE_WITNESS_FOUND,True,True,tracking/93f19cb91f34acdd1568bcdd536e818409a790e75529dcb6d5ba469a48c88f47.npz,93f19cb91f34acdd1568bcdd536e818409a790e75529dcb6d5ba469a48c88f47
B_s4_r1_conic,heldout_41004,41004,1,conic,easy,True,True,COMPLETE_SUCCESS,NO_NEGATIVE_WITNESS_FOUND,True,True,tracking/d53256a86abffd04f9da6158a4ec7d8958b6fb63e9f2bb76fbd4d221c60682c4.npz,d53256a86abffd04f9da6158a4ec7d8958b6fb63e9f2bb76fbd4d221c60682c4
B_s5_r0_factor,heldout_41005,41005,0,factor,cluttered,True,True,COMPLETE_SUCCESS,COLLISION_WITNESSED,True,True,tracking/83c48caa248e8cd12354104e89abe7cf25097225ce465594f912e3cb9ea9bb4d.npz,83c48caa248e8cd12354104e89abe7cf25097225ce465594f912e3cb9ea9bb4d
B_s5_r0_conic,heldout_41005,41005,0,conic,cluttered,True,True,COMPLETE_SUCCESS,COLLISION_WITNESSED,True,True,tracking/83c48caa248e8cd12354104e89abe7cf25097225ce465594f912e3cb9ea9bb4d.npz,83c48caa248e8cd12354104e89abe7cf25097225ce465594f912e3cb9ea9bb4d
B_s5_r1_conic,heldout_41005,41005,1,conic,cluttered,True,True,COMPLETE_SUCCESS,COLLISION_WITNESSED,True,True,tracking/83c48caa248e8cd12354104e89abe7cf25097225ce465594f912e3cb9ea9bb4d.npz,83c48caa248e8cd12354104e89abe7cf25097225ce465594f912e3cb9ea9bb4d
B_s5_r1_factor,heldout_41005,41005,1,factor,cluttered,True,True,COMPLETE_SUCCESS,COLLISION_WITNESSED,True,True,tracking/83c48caa248e8cd12354104e89abe7cf25097225ce465594f912e3cb9ea9bb4d.npz,83c48caa248e8cd12354104e89abe7cf25097225ce465594f912e3cb9ea9bb4d
B_s6_r0_conic,heldout_41006,41006,0,conic,cluttered,False,False,ROOT_FAILURE,NOT_AVAILABLE,False,False,,
B_s6_r0_factor,heldout_41006,41006,0,factor,cluttered,False,False,ROOT_FAILURE,NOT_AVAILABLE,False,False,,
B_s6_r1_factor,heldout_41006,41006,1,factor,cluttered,False,False,ROOT_FAILURE,NOT_AVAILABLE,False,False,,
B_s6_r1_conic,heldout_41006,41006,1,conic,cluttered,False,False,ROOT_FAILURE,NOT_AVAILABLE,False,False,,
B_s7_r0_factor,heldout_41007,41007,0,factor,cluttered,False,False,ROOT_FAILURE,NOT_AVAILABLE,False,False,,
B_s7_r0_conic,heldout_41007,41007,0,conic,cluttered,False,False,ROOT_FAILURE,NOT_AVAILABLE,False,False,,
B_s7_r1_conic,heldout_41007,41007,1,conic,cluttered,False,False,ROOT_FAILURE,NOT_AVAILABLE,False,False,,
B_s7_r1_factor,heldout_41007,41007,1,factor,cluttered,False,False,ROOT_FAILURE,NOT_AVAILABLE,False,False,,
B_s8_r0_conic,heldout_41008,41008,0,conic,cluttered,False,False,ROOT_FAILURE,NOT_AVAILABLE,False,False,,
B_s8_r0_factor,heldout_41008,41008,0,factor,cluttered,False,False,ROOT_FAILURE,NOT_AVAILABLE,False,False,,
B_s8_r1_factor,heldout_41008,41008,1,factor,cluttered,False,False,ROOT_FAILURE,NOT_AVAILABLE,False,False,,
B_s8_r1_conic,heldout_41008,41008,1,conic,cluttered,False,False,ROOT_FAILURE,NOT_AVAILABLE,False,False,,
B_s9_r0_factor,heldout_41009,41009,0,factor,cluttered,False,False,ROOT_FAILURE,NOT_AVAILABLE,False,False,,
B_s9_r0_conic,heldout_41009,41009,0,conic,cluttered,False,False,ROOT_FAILURE,NOT_AVAILABLE,False,False,,
B_s9_r1_conic,heldout_41009,41009,1,conic,cluttered,False,False,ROOT_FAILURE,NOT_AVAILABLE,False,False,,
B_s9_r1_factor,heldout_41009,41009,1,factor,cluttered,False,False,ROOT_FAILURE,NOT_AVAILABLE,False,False,,
B_s10_r0_conic,heldout_41010,41010,0,conic,cluttered,False,False,ROOT_FAILURE,NOT_AVAILABLE,False,False,,
B_s10_r0_factor,heldout_41010,41010,0,factor,cluttered,False,False,ROOT_FAILURE,NOT_AVAILABLE,False,False,,
B_s10_r1_factor,heldout_41010,41010,1,factor,cluttered,False,False,ROOT_FAILURE,NOT_AVAILABLE,False,False,,
B_s10_r1_conic,heldout_41010,41010,1,conic,cluttered,False,False,ROOT_FAILURE,NOT_AVAILABLE,False,False,,
B_s11_r0_factor,heldout_41011,41011,0,factor,cluttered,True,False,PHYSICAL_ONLY,COLLISION_WITNESSED,True,True,tracking/934c5c1a710323fb0b4c525caaffe5527e9ea1fc4b5b5241782f534d043243fd.npz,934c5c1a710323fb0b4c525caaffe5527e9ea1fc4b5b5241782f534d043243fd
B_s11_r0_conic,heldout_41011,41011,0,conic,cluttered,True,False,PHYSICAL_ONLY,COLLISION_WITNESSED,True,True,tracking/934c5c1a710323fb0b4c525caaffe5527e9ea1fc4b5b5241782f534d043243fd.npz,934c5c1a710323fb0b4c525caaffe5527e9ea1fc4b5b5241782f534d043243fd
B_s11_r1_conic,heldout_41011,41011,1,conic,cluttered,True,False,PHYSICAL_ONLY,COLLISION_WITNESSED,True,True,tracking/934c5c1a710323fb0b4c525caaffe5527e9ea1fc4b5b5241782f534d043243fd.npz,934c5c1a710323fb0b4c525caaffe5527e9ea1fc4b5b5241782f534d043243fd
B_s11_r1_factor,heldout_41011,41011,1,factor,cluttered,True,False,PHYSICAL_ONLY,COLLISION_WITNESSED,True,True,tracking/934c5c1a710323fb0b4c525caaffe5527e9ea1fc4b5b5241782f534d043243fd.npz,934c5c1a710323fb0b4c525caaffe5527e9ea1fc4b5b5241782f534d043243fd
B_s12_r0_conic,heldout_41012,41012,0,conic,cluttered,True,False,PHYSICAL_ONLY,COLLISION_WITNESSED,True,True,tracking/d29526f898d7e6dd4f8fc0824e10ea10068c518fcd2717034933fa8e42849c6b.npz,d29526f898d7e6dd4f8fc0824e10ea10068c518fcd2717034933fa8e42849c6b
B_s12_r0_factor,heldout_41012,41012,0,factor,cluttered,True,False,PHYSICAL_ONLY,COLLISION_WITNESSED,True,True,tracking/d29526f898d7e6dd4f8fc0824e10ea10068c518fcd2717034933fa8e42849c6b.npz,d29526f898d7e6dd4f8fc0824e10ea10068c518fcd2717034933fa8e42849c6b
B_s12_r1_factor,heldout_41012,41012,1,factor,cluttered,True,False,PHYSICAL_ONLY,COLLISION_WITNESSED,True,True,tracking/d29526f898d7e6dd4f8fc0824e10ea10068c518fcd2717034933fa8e42849c6b.npz,d29526f898d7e6dd4f8fc0824e10ea10068c518fcd2717034933fa8e42849c6b
B_s12_r1_conic,heldout_41012,41012,1,conic,cluttered,True,False,PHYSICAL_ONLY,COLLISION_WITNESSED,True,True,tracking/d29526f898d7e6dd4f8fc0824e10ea10068c518fcd2717034933fa8e42849c6b.npz,d29526f898d7e6dd4f8fc0824e10ea10068c518fcd2717034933fa8e42849c6b
B_s13_r0_factor,heldout_41013,41013,0,factor,cluttered,True,True,COMPLETE_SUCCESS,COLLISION_WITNESSED,True,True,tracking/2bb4e7e55ede8bfe9e4397b71fac1d708aead62617134b0ba7b5e39d557c0295.npz,2bb4e7e55ede8bfe9e4397b71fac1d708aead62617134b0ba7b5e39d557c0295
B_s13_r0_conic,heldout_41013,41013,0,conic,cluttered,True,True,COMPLETE_SUCCESS,COLLISION_WITNESSED,True,True,tracking/2bb4e7e55ede8bfe9e4397b71fac1d708aead62617134b0ba7b5e39d557c0295.npz,2bb4e7e55ede8bfe9e4397b71fac1d708aead62617134b0ba7b5e39d557c0295
B_s13_r1_conic,heldout_41013,41013,1,conic,cluttered,True,True,COMPLETE_SUCCESS,COLLISION_WITNESSED,True,True,tracking/2bb4e7e55ede8bfe9e4397b71fac1d708aead62617134b0ba7b5e39d557c0295.npz,2bb4e7e55ede8bfe9e4397b71fac1d708aead62617134b0ba7b5e39d557c0295
B_s13_r1_factor,heldout_41013,41013,1,factor,cluttered,True,True,COMPLETE_SUCCESS,COLLISION_WITNESSED,True,True,tracking/2bb4e7e55ede8bfe9e4397b71fac1d708aead62617134b0ba7b5e39d557c0295.npz,2bb4e7e55ede8bfe9e4397b71fac1d708aead62617134b0ba7b5e39d557c0295
B_s14_r0_conic,heldout_41014,41014,0,conic,cluttered,True,True,COMPLETE_SUCCESS,COLLISION_WITNESSED,True,True,tracking/4ee1881b854f0b7f4baad1281334ce97d12da0037e0cf4ad906668cf06608656.npz,4ee1881b854f0b7f4baad1281334ce97d12da0037e0cf4ad906668cf06608656
B_s14_r0_factor,heldout_41014,41014,0,factor,cluttered,True,True,COMPLETE_SUCCESS,COLLISION_WITNESSED,True,True,tracking/4ee1881b854f0b7f4baad1281334ce97d12da0037e0cf4ad906668cf06608656.npz,4ee1881b854f0b7f4baad1281334ce97d12da0037e0cf4ad906668cf06608656
B_s14_r1_factor,heldout_41014,41014,1,factor,cluttered,True,True,COMPLETE_SUCCESS,COLLISION_WITNESSED,True,True,tracking/4ee1881b854f0b7f4baad1281334ce97d12da0037e0cf4ad906668cf06608656.npz,4ee1881b854f0b7f4baad1281334ce97d12da0037e0cf4ad906668cf06608656
B_s14_r1_conic,heldout_41014,41014,1,conic,cluttered,True,True,COMPLETE_SUCCESS,COLLISION_WITNESSED,True,True,tracking/4ee1881b854f0b7f4baad1281334ce97d12da0037e0cf4ad906668cf06608656.npz,4ee1881b854f0b7f4baad1281334ce97d12da0037e0cf4ad906668cf06608656
B_s15_r0_factor,heldout_41015,41015,0,factor,on_axis_recovery_target,False,False,ROOT_FAILURE,NOT_AVAILABLE,False,False,,
B_s15_r0_conic,heldout_41015,41015,0,conic,on_axis_recovery_target,False,False,ROOT_FAILURE,NOT_AVAILABLE,False,False,,
B_s15_r1_conic,heldout_41015,41015,1,conic,on_axis_recovery_target,False,False,ROOT_FAILURE,NOT_AVAILABLE,False,False,,
B_s15_r1_factor,heldout_41015,41015,1,factor,on_axis_recovery_target,False,False,ROOT_FAILURE,NOT_AVAILABLE,False,False,,
B_s16_r0_conic,heldout_41016,41016,0,conic,on_axis_recovery_target,False,False,ROOT_FAILURE,NOT_AVAILABLE,False,False,,
B_s16_r0_factor,heldout_41016,41016,0,factor,on_axis_recovery_target,False,False,ROOT_FAILURE,NOT_AVAILABLE,False,False,,
B_s16_r1_factor,heldout_41016,41016,1,factor,on_axis_recovery_target,False,False,ROOT_FAILURE,NOT_AVAILABLE,False,False,,
B_s16_r1_conic,heldout_41016,41016,1,conic,on_axis_recovery_target,False,False,ROOT_FAILURE,NOT_AVAILABLE,False,False,,
B_s17_r0_factor,heldout_41017,41017,0,factor,on_axis_recovery_target,False,False,ROOT_FAILURE,NOT_AVAILABLE,False,False,,
B_s17_r0_conic,heldout_41017,41017,0,conic,on_axis_recovery_target,False,False,ROOT_FAILURE,NOT_AVAILABLE,False,False,,
B_s17_r1_conic,heldout_41017,41017,1,conic,on_axis_recovery_target,False,False,ROOT_FAILURE,NOT_AVAILABLE,False,False,,
B_s17_r1_factor,heldout_41017,41017,1,factor,on_axis_recovery_target,False,False,ROOT_FAILURE,NOT_AVAILABLE,False,False,,
B_s18_r0_conic,heldout_41018,41018,0,conic,on_axis_recovery_target,False,False,ROOT_FAILURE,NOT_AVAILABLE,False,False,,
B_s18_r0_factor,heldout_41018,41018,0,factor,on_axis_recovery_target,False,False,ROOT_FAILURE,NOT_AVAILABLE,False,False,,
B_s18_r1_factor,heldout_41018,41018,1,factor,on_axis_recovery_target,False,False,ROOT_FAILURE,NOT_AVAILABLE,False,False,,
B_s18_r1_conic,heldout_41018,41018,1,conic,on_axis_recovery_target,False,False,ROOT_FAILURE,NOT_AVAILABLE,False,False,,
B_s19_r0_factor,heldout_41019,41019,0,factor,on_axis_recovery_target,False,False,ROOT_FAILURE,NOT_AVAILABLE,False,False,,
B_s19_r0_conic,heldout_41019,41019,0,conic,on_axis_recovery_target,False,False,ROOT_FAILURE,NOT_AVAILABLE,False,False,,
B_s19_r1_conic,heldout_41019,41019,1,conic,on_axis_recovery_target,False,False,ROOT_FAILURE,NOT_AVAILABLE,False,False,,
B_s19_r1_factor,heldout_41019,41019,1,factor,on_axis_recovery_target,False,False,ROOT_FAILURE,NOT_AVAILABLE,False,False,,
